{"tinyType":"alipay","tinyCnName":"支付宝","tinyProjectType":"alipay-mini","alipay:alipay-mini:tinyIcon":"https://gw.alipayobjects.com/zos/rmsportal/rcwFIauzePpMqlTzzanK.svg","alipay:alipay-mini:_appIdList":[],"alipay:alipay-mini:_enableAutoPush":true,"alipay:alipay-mini:uploadTime":"2019-10-24 16:30:38","alipay:alipay-mini:packageSize":0,"alipay:alipay-mini:preAuditLimit":5,"alipay:alipay-mini:preAuditUsed":0,"alipay:alipay-mini:auditLink":null,"alipay:alipay-mini:whiteListLink":null,"alipay:alipay-mini:_appId":"2019102268503926","alipay:alipay-mini:_appName":"食典录","alipay:alipay-mini:remoteVersion":"0.0.0","alipay:alipay-mini:currentVersion":"0.0.1","alipay:alipay-mini:whiteList":[],"alipay:alipay-mini:h5WhiteList":[],"alipay:alipay-mini:appLogo":"https://appstoreisvpic.alipayobjects.com/prod/eebdb2f7-2747-499e-9a22-2b89664d7739.png","isSimulatorOpen":true,"isNotFirstToggleSimulator":true,"alipay:alipay-mini:lastDeviceName":"iPhone X","compilerList":[{"title":"普通编译","query":"","page":""},{"title":"列表","page":"pages/list/list"},{"title":"我的","page":"pages/may/may"},{"title":"商品详情","page":"pages/details/details"},{"title":"帮助中心","page":"pages/helpCenter/helpCenter"},{"title":"订单","page":"pages/other/other"},{"title":"买断","page":"pages/otherdetails/otherdetails"},{"title":"账单详情","page":"pages/bill/bill"},{"title":"优惠卷","page":"pages/coupon/coupon"},{"title":"信用套餐","page":"pages/addres/addres"},{"title":"免押金服务","page":"pages/index/index"},{"title":"免押金","page":"pages/shopAddres/shopAddres"},{"title":"邀请","page":"pages/invite/invite"},{"title":"邀请","page":"pages/invite/invite"},{"title":"订单详情","page":"pages/orderdetails2/orderdetails2"},{"title":"取消订单","page":"pages/delother/delother"},{"title":"下单成功","page":"pages/createOther/createOther"},{"title":"物流","page":"pages/logistics/logistics"}],"compilerIndex":0,"alipay:alipay-mini:MockStore":{},"alipay:alipay-mini:stopRefresh":false,"storageVersion":"0.70.14"}