{"main-code_file:///d%3A/work/%E5%B0%8F%E7%A8%8B%E5%BA%8Fdemo/minApp/miniApp/blank/app.acss":{"cursorState":[{"inSelectionMode":false,"selectionStart":{"lineNumber":212,"column":2},"position":{"lineNumber":212,"column":2}}],"viewState":{"scrollLeft":0,"firstPosition":{"lineNumber":172,"column":1},"firstPositionDeltaTop":-14},"contributionsState":{"editor.contrib.wordHighlighter":false,"editor.contrib.folding":{"collapsedRegions":null,"lineCount":213,"provider":"indent"}}},"main-code_file:///d%3A/work/%E5%B0%8F%E7%A8%8B%E5%BA%8Fdemo/minApp/miniApp/blank/app.js":{"cursorState":[{"inSelectionMode":true,"selectionStart":{"lineNumber":8,"column":26},"position":{"lineNumber":8,"column":47}}],"viewState":{"scrollLeft":0,"firstPosition":{"lineNumber":1,"column":1},"firstPositionDeltaTop":0},"contributionsState":{"editor.contrib.wordHighlighter":false,"editor.contrib.folding":{"collapsedRegions":null,"lineCount":24,"provider":"indent"}}},"main-code_file:///d%3A/work/%E5%B0%8F%E7%A8%8B%E5%BA%8Fdemo/minApp/miniApp/blank/pages/index/index.axml":{"cursorState":[{"inSelectionMode":true,"selectionStart":{"lineNumber":2,"column":14},"position":{"lineNumber":2,"column":23}}],"viewState":{"scrollLeft":0,"firstPosition":{"lineNumber":1,"column":1},"firstPositionDeltaTop":0},"contributionsState":{"editor.contrib.wordHighlighter":false,"editor.contrib.folding":{"collapsedRegions":null,"lineCount":109,"provider":"indent"}}},"main-code_file:///d%3A/work/%E5%B0%8F%E7%A8%8B%E5%BA%8Fdemo/minApp/miniApp/blank/pages/index/index.js":{"cursorState":[{"inSelectionMode":true,"selectionStart":{"lineNumber":33,"column":4},"position":{"lineNumber":35,"column":7}}],"viewState":{"scrollLeft":0,"firstPosition":{"lineNumber":13,"column":1},"firstPositionDeltaTop":-8},"contributionsState":{"editor.contrib.wordHighlighter":false,"editor.contrib.folding":{"collapsedRegions":null,"lineCount":71,"provider":"indent"}}},"main-code_file:///d%3A/work/%E5%B0%8F%E7%A8%8B%E5%BA%8Fdemo/minApp/miniApp/blank/images/tabber":{"cursorState":[{"inSelectionMode":false,"selectionStart":{"lineNumber":1,"column":1},"position":{"lineNumber":1,"column":1}}],"viewState":{"scrollLeft":0,"firstPosition":{"lineNumber":1,"column":1},"firstPositionDeltaTop":0},"contributionsState":{"editor.contrib.wordHighlighter":false,"editor.contrib.folding":{"collapsedRegions":null,"lineCount":1,"provider":"indent"}}},"main-code_file:///d%3A/work/%E5%B0%8F%E7%A8%8B%E5%BA%8Fdemo/minApp/miniApp/blank/app.json":{"cursorState":[{"inSelectionMode":true,"selectionStart":{"lineNumber":4,"column":6},"position":{"lineNumber":4,"column":21}}],"viewState":{"scrollLeft":0,"firstPosition":{"lineNumber":1,"column":1},"firstPositionDeltaTop":0},"contributionsState":{"editor.contrib.wordHighlighter":false,"editor.contrib.folding":{"collapsedRegions":null,"lineCount":41,"provider":"indent"}}},"main-code_file:///d%3A/work/%E5%B0%8F%E7%A8%8B%E5%BA%8Fdemo/minApp/miniApp/blank/pages/list/list.js":{"cursorState":[{"inSelectionMode":true,"selectionStart":{"lineNumber":34,"column":4},"position":{"lineNumber":40,"column":7}}],"viewState":{"scrollLeft":0,"firstPosition":{"lineNumber":29,"column":1},"firstPositionDeltaTop":-2},"contributionsState":{"editor.contrib.wordHighlighter":false,"editor.contrib.folding":{"collapsedRegions":null,"lineCount":47,"provider":"indent"}}},"main-code_file:///d%3A/work/%E5%B0%8F%E7%A8%8B%E5%BA%8Fdemo/minApp/miniApp/blank/pages/may/may.js":{"cursorState":[{"inSelectionMode":false,"selectionStart":{"lineNumber":12,"column":33},"position":{"lineNumber":12,"column":33}}],"viewState":{"scrollLeft":0,"firstPosition":{"lineNumber":1,"column":1},"firstPositionDeltaTop":0},"contributionsState":{"editor.contrib.wordHighlighter":false,"editor.contrib.folding":{"collapsedRegions":null,"lineCount":23,"provider":"indent"}}},"main-code_file:///d%3A/work/%E5%B0%8F%E7%A8%8B%E5%BA%8Fdemo/minApp/miniApp/blank/pages/index/index.json":{"cursorState":[{"inSelectionMode":true,"selectionStart":{"lineNumber":2,"column":4},"position":{"lineNumber":2,"column":36}}],"viewState":{"scrollLeft":0,"firstPosition":{"lineNumber":1,"column":1},"firstPositionDeltaTop":34},"contributionsState":{"editor.contrib.wordHighlighter":false,"editor.contrib.folding":{"collapsedRegions":null,"lineCount":3,"provider":"indent"}}},"main-code_file:///d%3A/work/%E5%B0%8F%E7%A8%8B%E5%BA%8Fdemo/minApp/miniApp/blank/pages/index/index.acss":{"cursorState":[{"inSelectionMode":true,"selectionStart":{"lineNumber":287,"column":3},"position":{"lineNumber":287,"column":25}}],"viewState":{"scrollLeft":0,"firstPosition":{"lineNumber":268,"column":1},"firstPositionDeltaTop":-10},"contributionsState":{"editor.contrib.wordHighlighter":false,"editor.contrib.folding":{"collapsedRegions":null,"lineCount":388,"provider":"indent"}}},"main-code_file:///d%3A/work/%E5%B0%8F%E7%A8%8B%E5%BA%8Fdemo/minApp/miniApp/blank/pages/list/list.axml":{"cursorState":[{"inSelectionMode":false,"selectionStart":{"lineNumber":16,"column":49},"position":{"lineNumber":16,"column":49}}],"viewState":{"scrollLeft":0,"firstPosition":{"lineNumber":1,"column":1},"firstPositionDeltaTop":0},"contributionsState":{"editor.contrib.wordHighlighter":false,"editor.contrib.folding":{"collapsedRegions":null,"lineCount":34,"provider":"indent"}}},"main-code_file:///d%3A/work/%E5%B0%8F%E7%A8%8B%E5%BA%8Fdemo/minApp/miniApp/blank/pages/list/list.acss":{"cursorState":[{"inSelectionMode":false,"selectionStart":{"lineNumber":21,"column":13},"position":{"lineNumber":21,"column":13}}],"viewState":{"scrollLeft":0,"firstPosition":{"lineNumber":1,"column":1},"firstPositionDeltaTop":34},"contributionsState":{"editor.contrib.wordHighlighter":false,"editor.contrib.folding":{"collapsedRegions":null,"lineCount":122,"provider":"indent"}}},"main-code_file:///d%3A/work/%E5%B0%8F%E7%A8%8B%E5%BA%8Fdemo/minApp/miniApp/blank/pages/list/list.json":{"cursorState":[{"inSelectionMode":false,"selectionStart":{"lineNumber":1,"column":1},"position":{"lineNumber":1,"column":1}}],"viewState":{"scrollLeft":0,"firstPosition":{"lineNumber":1,"column":1},"firstPositionDeltaTop":0},"contributionsState":{"editor.contrib.wordHighlighter":false,"editor.contrib.folding":{"collapsedRegions":null,"lineCount":1,"provider":"indent"}}},"main-code_file:///d%3A/work/%E5%B0%8F%E7%A8%8B%E5%BA%8Fdemo/minApp/miniApp/blank/pages/may/may.axml":{"cursorState":[{"inSelectionMode":true,"selectionStart":{"lineNumber":10,"column":10},"position":{"lineNumber":1,"column":1}}],"viewState":{"scrollLeft":0,"firstPosition":{"lineNumber":1,"column":1},"firstPositionDeltaTop":0},"contributionsState":{"editor.contrib.wordHighlighter":false,"editor.contrib.folding":{"collapsedRegions":null,"lineCount":10,"provider":"indent"}}},"main-code_file:///d%3A/work/%E5%B0%8F%E7%A8%8B%E5%BA%8Fdemo/minApp/miniApp/blank/pages/may/may.acss":{"cursorState":[{"inSelectionMode":false,"selectionStart":{"lineNumber":1,"column":1},"position":{"lineNumber":1,"column":1}}],"viewState":{"scrollLeft":0,"firstPosition":{"lineNumber":1,"column":1},"firstPositionDeltaTop":0},"contributionsState":{"editor.contrib.wordHighlighter":false,"editor.contrib.folding":{"collapsedRegions":[],"lineCount":1}}},"main-code_file:///d%3A/work/%E5%B0%8F%E7%A8%8B%E5%BA%8Fdemo/minApp/miniApp/blank/pages/details/details.js":{"cursorState":[{"inSelectionMode":false,"selectionStart":{"lineNumber":84,"column":9},"position":{"lineNumber":84,"column":9}}],"viewState":{"scrollLeft":0,"firstPosition":{"lineNumber":60,"column":1},"firstPositionDeltaTop":-6},"contributionsState":{"editor.contrib.wordHighlighter":false,"editor.contrib.folding":{"collapsedRegions":null,"lineCount":158,"provider":"indent"}}},"main-code_file:///d%3A/work/%E5%B0%8F%E7%A8%8B%E5%BA%8Fdemo/minApp/miniApp/blank/pages/details/details.axml":{"cursorState":[{"inSelectionMode":true,"selectionStart":{"lineNumber":148,"column":26},"position":{"lineNumber":148,"column":33}}],"viewState":{"scrollLeft":0,"firstPosition":{"lineNumber":139,"column":1},"firstPositionDeltaTop":-6},"contributionsState":{"editor.contrib.wordHighlighter":true,"editor.contrib.folding":{"collapsedRegions":null,"lineCount":186,"provider":"indent"}}},"main-code_file:///d%3A/work/%E5%B0%8F%E7%A8%8B%E5%BA%8Fdemo/minApp/miniApp/blank/pages/details/details.acss":{"cursorState":[{"inSelectionMode":true,"selectionStart":{"lineNumber":490,"column":2},"position":{"lineNumber":490,"column":6}}],"viewState":{"scrollLeft":0,"firstPosition":{"lineNumber":469,"column":1},"firstPositionDeltaTop":-7},"contributionsState":{"editor.contrib.wordHighlighter":false,"editor.contrib.folding":{"collapsedRegions":null,"lineCount":493,"provider":"indent"}}},"main-code_file:///d%3A/work/%E5%B0%8F%E7%A8%8B%E5%BA%8Fdemo/minApp/miniApp/blank/pages/details/details.json":{"cursorState":[{"inSelectionMode":false,"selectionStart":{"lineNumber":1,"column":1},"position":{"lineNumber":1,"column":1}}],"viewState":{"scrollLeft":0,"firstPosition":{"lineNumber":1,"column":1},"firstPositionDeltaTop":34},"contributionsState":{"editor.contrib.wordHighlighter":false,"editor.contrib.folding":{"collapsedRegions":null,"lineCount":1,"provider":"indent"}}},"main-code_file:///d%3A/work/%E5%B0%8F%E7%A8%8B%E5%BA%8Fdemo/minApp/miniApp/blank/components/selectItems/selectItems.axml":{"cursorState":[{"inSelectionMode":false,"selectionStart":{"lineNumber":53,"column":41},"position":{"lineNumber":53,"column":41}}],"viewState":{"scrollLeft":0,"firstPosition":{"lineNumber":33,"column":1},"firstPositionDeltaTop":-4},"contributionsState":{"editor.contrib.wordHighlighter":false,"editor.contrib.folding":{"collapsedRegions":null,"lineCount":60,"provider":"indent"}}},"main-code_file:///d%3A/work/%E5%B0%8F%E7%A8%8B%E5%BA%8Fdemo/minApp/miniApp/blank/components/selectItems/selectItems.acss":{"cursorState":[{"inSelectionMode":true,"selectionStart":{"lineNumber":249,"column":2},"position":{"lineNumber":210,"column":1}}],"viewState":{"scrollLeft":0,"firstPosition":{"lineNumber":190,"column":1},"firstPositionDeltaTop":0},"contributionsState":{"editor.contrib.wordHighlighter":false,"editor.contrib.folding":{"collapsedRegions":null,"lineCount":249,"provider":"indent"}}},"main-code_file:///d%3A/work/%E5%B0%8F%E7%A8%8B%E5%BA%8Fdemo/minApp/miniApp/blank/pages/helpCenter/helpCenter.js":{"cursorState":[{"inSelectionMode":false,"selectionStart":{"lineNumber":9,"column":19},"position":{"lineNumber":9,"column":19}}],"viewState":{"scrollLeft":0,"firstPosition":{"lineNumber":1,"column":1},"firstPositionDeltaTop":0},"contributionsState":{"editor.contrib.wordHighlighter":false,"editor.contrib.folding":{"collapsedRegions":null,"lineCount":35,"provider":"indent"}}},"main-code_file:///d%3A/work/%E5%B0%8F%E7%A8%8B%E5%BA%8Fdemo/minApp/miniApp/blank/pages/helpCenter/helpCenter.axml":{"cursorState":[{"inSelectionMode":false,"selectionStart":{"lineNumber":15,"column":25},"position":{"lineNumber":15,"column":25}}],"viewState":{"scrollLeft":0,"firstPosition":{"lineNumber":1,"column":1},"firstPositionDeltaTop":0},"contributionsState":{"editor.contrib.wordHighlighter":false,"editor.contrib.folding":{"collapsedRegions":null,"lineCount":24,"provider":"indent"}}},"main-code_file:///d%3A/work/%E5%B0%8F%E7%A8%8B%E5%BA%8Fdemo/minApp/miniApp/blank/pages/helpCenter/helpCenter.acss":{"cursorState":[{"inSelectionMode":true,"selectionStart":{"lineNumber":13,"column":2},"position":{"lineNumber":10,"column":1}}],"viewState":{"scrollLeft":0,"firstPosition":{"lineNumber":1,"column":1},"firstPositionDeltaTop":0},"contributionsState":{"editor.contrib.wordHighlighter":false,"editor.contrib.folding":{"collapsedRegions":null,"lineCount":41,"provider":"indent"}}},"main-code_file:///d%3A/work/%E5%B0%8F%E7%A8%8B%E5%BA%8Fdemo/minApp/miniApp/blank/pages/other/other.js":{"cursorState":[{"inSelectionMode":true,"selectionStart":{"lineNumber":29,"column":3},"position":{"lineNumber":29,"column":14}}],"viewState":{"scrollLeft":0,"firstPosition":{"lineNumber":1,"column":1},"firstPositionDeltaTop":-5},"contributionsState":{"editor.contrib.wordHighlighter":false,"editor.contrib.folding":{"collapsedRegions":null,"lineCount":41,"provider":"indent"}}},"main-code_file:///d%3A/work/%E5%B0%8F%E7%A8%8B%E5%BA%8Fdemo/minApp/miniApp/blank/pages/other/other.axml":{"cursorState":[{"inSelectionMode":false,"selectionStart":{"lineNumber":24,"column":61},"position":{"lineNumber":24,"column":61}}],"viewState":{"scrollLeft":0,"firstPosition":{"lineNumber":1,"column":1},"firstPositionDeltaTop":0},"contributionsState":{"editor.contrib.wordHighlighter":false,"editor.contrib.folding":{"collapsedRegions":null,"lineCount":43,"provider":"indent"}}},"main-code_file:///d%3A/work/%E5%B0%8F%E7%A8%8B%E5%BA%8Fdemo/minApp/miniApp/blank/pages/other/other.json":{"cursorState":[{"inSelectionMode":false,"selectionStart":{"lineNumber":1,"column":1},"position":{"lineNumber":1,"column":1}}],"viewState":{"scrollLeft":0,"firstPosition":{"lineNumber":1,"column":1},"firstPositionDeltaTop":34},"contributionsState":{"editor.contrib.wordHighlighter":false,"editor.contrib.folding":{"collapsedRegions":null,"lineCount":1,"provider":"indent"}}},"main-code_file:///d%3A/work/%E5%B0%8F%E7%A8%8B%E5%BA%8Fdemo/minApp/miniApp/blank/pages/other/other.acss":{"cursorState":[{"inSelectionMode":false,"selectionStart":{"lineNumber":32,"column":16},"position":{"lineNumber":32,"column":16}}],"viewState":{"scrollLeft":0,"firstPosition":{"lineNumber":1,"column":1},"firstPositionDeltaTop":0},"contributionsState":{"editor.contrib.wordHighlighter":false,"editor.contrib.folding":{"collapsedRegions":null,"lineCount":101,"provider":"indent"}}},"main-code_file:///d%3A/work/%E5%B0%8F%E7%A8%8B%E5%BA%8Fdemo/minApp/miniApp/blank/pages/otherdetails/otherdetails.js":{"cursorState":[{"inSelectionMode":true,"selectionStart":{"lineNumber":6,"column":3},"position":{"lineNumber":11,"column":5}}],"viewState":{"scrollLeft":0,"firstPosition":{"lineNumber":1,"column":1},"firstPositionDeltaTop":34},"contributionsState":{"editor.contrib.wordHighlighter":false,"editor.contrib.folding":{"collapsedRegions":null,"lineCount":13,"provider":"indent"}}},"main-code_file:///d%3A/work/%E5%B0%8F%E7%A8%8B%E5%BA%8Fdemo/minApp/miniApp/blank/pages/otherdetails/otherdetails.axml":{"cursorState":[{"inSelectionMode":false,"selectionStart":{"lineNumber":17,"column":43},"position":{"lineNumber":17,"column":43}}],"viewState":{"scrollLeft":0,"firstPosition":{"lineNumber":1,"column":1},"firstPositionDeltaTop":34},"contributionsState":{"editor.contrib.wordHighlighter":false,"editor.contrib.folding":{"collapsedRegions":null,"lineCount":53,"provider":"indent"}}},"main-code_file:///d%3A/work/%E5%B0%8F%E7%A8%8B%E5%BA%8Fdemo/minApp/miniApp/blank/pages/otherdetails/otherdetails.acss":{"cursorState":[{"inSelectionMode":true,"selectionStart":{"lineNumber":86,"column":2},"position":{"lineNumber":76,"column":1}}],"viewState":{"scrollLeft":0,"firstPosition":{"lineNumber":53,"column":1},"firstPositionDeltaTop":-15},"contributionsState":{"editor.contrib.wordHighlighter":false,"editor.contrib.folding":{"collapsedRegions":null,"lineCount":97,"provider":"indent"}}},"main-code_file:///d%3A/work/%E5%B0%8F%E7%A8%8B%E5%BA%8Fdemo/minApp/miniApp/blank/pages/bill/bill.js":{"cursorState":[{"inSelectionMode":false,"selectionStart":{"lineNumber":1,"column":1},"position":{"lineNumber":1,"column":1}}],"viewState":{"scrollLeft":0,"firstPosition":{"lineNumber":1,"column":1},"firstPositionDeltaTop":0},"contributionsState":{"editor.contrib.wordHighlighter":false,"editor.contrib.folding":{"collapsedRegions":null,"lineCount":5,"provider":"indent"}}},"main-code_file:///d%3A/work/%E5%B0%8F%E7%A8%8B%E5%BA%8Fdemo/minApp/miniApp/blank/pages/bill/bill.axml":{"cursorState":[{"inSelectionMode":false,"selectionStart":{"lineNumber":56,"column":47},"position":{"lineNumber":56,"column":47}}],"viewState":{"scrollLeft":0,"firstPosition":{"lineNumber":37,"column":1},"firstPositionDeltaTop":-5},"contributionsState":{"editor.contrib.wordHighlighter":false,"editor.contrib.folding":{"collapsedRegions":null,"lineCount":64,"provider":"indent"}}},"main-code_file:///d%3A/work/%E5%B0%8F%E7%A8%8B%E5%BA%8Fdemo/minApp/miniApp/blank/pages/bill/bill.acss":{"cursorState":[{"inSelectionMode":false,"selectionStart":{"lineNumber":41,"column":17},"position":{"lineNumber":41,"column":17}}],"viewState":{"scrollLeft":0,"firstPosition":{"lineNumber":35,"column":1},"firstPositionDeltaTop":-3},"contributionsState":{"editor.contrib.wordHighlighter":false,"editor.contrib.folding":{"collapsedRegions":null,"lineCount":58,"provider":"indent"}}},"main-code_file:///d%3A/work/%E5%B0%8F%E7%A8%8B%E5%BA%8Fdemo/minApp/miniApp/blank/pages/coupon/coupon.js":{"cursorState":[{"inSelectionMode":true,"selectionStart":{"lineNumber":15,"column":3},"position":{"lineNumber":15,"column":12}}],"viewState":{"scrollLeft":0,"firstPosition":{"lineNumber":1,"column":1},"firstPositionDeltaTop":0},"contributionsState":{"editor.contrib.wordHighlighter":false,"editor.contrib.folding":{"collapsedRegions":null,"lineCount":21,"provider":"indent"}}},"main-code_file:///d%3A/work/%E5%B0%8F%E7%A8%8B%E5%BA%8Fdemo/minApp/miniApp/blank/pages/coupon/coupon.axml":{"cursorState":[{"inSelectionMode":true,"selectionStart":{"lineNumber":10,"column":14},"position":{"lineNumber":10,"column":21}}],"viewState":{"scrollLeft":0,"firstPosition":{"lineNumber":1,"column":1},"firstPositionDeltaTop":0},"contributionsState":{"editor.contrib.wordHighlighter":true,"editor.contrib.folding":{"collapsedRegions":null,"lineCount":44,"provider":"indent"}}},"main-code_file:///d%3A/work/%E5%B0%8F%E7%A8%8B%E5%BA%8Fdemo/minApp/miniApp/blank/pages/coupon/coupon.acss":{"cursorState":[{"inSelectionMode":true,"selectionStart":{"lineNumber":133,"column":2},"position":{"lineNumber":133,"column":11}}],"viewState":{"scrollLeft":0,"firstPosition":{"lineNumber":113,"column":1},"firstPositionDeltaTop":0},"contributionsState":{"editor.contrib.wordHighlighter":false,"editor.contrib.folding":{"collapsedRegions":null,"lineCount":135,"provider":"indent"}}},"main-code_file:///d%3A/work/%E5%B0%8F%E7%A8%8B%E5%BA%8Fdemo/minApp/miniApp/blank/pages/addres/addres.js":{"cursorState":[{"inSelectionMode":true,"selectionStart":{"lineNumber":83,"column":3},"position":{"lineNumber":83,"column":15}}],"viewState":{"scrollLeft":0,"firstPosition":{"lineNumber":36,"column":1},"firstPositionDeltaTop":-6},"contributionsState":{"editor.contrib.wordHighlighter":false,"editor.contrib.folding":{"collapsedRegions":null,"lineCount":89,"provider":"indent"}}},"main-code_file:///d%3A/work/%E5%B0%8F%E7%A8%8B%E5%BA%8Fdemo/minApp/miniApp/blank/pages/addres/addres.axml":{"cursorState":[{"inSelectionMode":true,"selectionStart":{"lineNumber":8,"column":42},"position":{"lineNumber":8,"column":53}}],"viewState":{"scrollLeft":0,"firstPosition":{"lineNumber":4,"column":1},"firstPositionDeltaTop":-2},"contributionsState":{"editor.contrib.wordHighlighter":true,"editor.contrib.folding":{"collapsedRegions":null,"lineCount":65,"provider":"indent"}}},"main-code_file:///d%3A/work/%E5%B0%8F%E7%A8%8B%E5%BA%8Fdemo/minApp/miniApp/blank/pages/addres/addres.acss":{"cursorState":[{"inSelectionMode":false,"selectionStart":{"lineNumber":41,"column":1},"position":{"lineNumber":41,"column":1}}],"viewState":{"scrollLeft":0,"firstPosition":{"lineNumber":24,"column":1},"firstPositionDeltaTop":-8},"contributionsState":{"editor.contrib.wordHighlighter":false,"editor.contrib.folding":{"collapsedRegions":null,"lineCount":79,"provider":"indent"}}},"main-code_file:///d%3A/work/%E5%B0%8F%E7%A8%8B%E5%BA%8Fdemo/minApp/miniApp/blank/pages/shopAddres/shopAddres.js":{"cursorState":[{"inSelectionMode":false,"selectionStart":{"lineNumber":19,"column":19},"position":{"lineNumber":19,"column":19}}],"viewState":{"scrollLeft":0,"firstPosition":{"lineNumber":1,"column":1},"firstPositionDeltaTop":0},"contributionsState":{"editor.contrib.wordHighlighter":false,"editor.contrib.folding":{"collapsedRegions":null,"lineCount":24,"provider":"indent"}}},"main-code_file:///d%3A/work/%E5%B0%8F%E7%A8%8B%E5%BA%8Fdemo/minApp/miniApp/blank/pages/shopAddres/shopAddres.axml":{"cursorState":[{"inSelectionMode":false,"selectionStart":{"lineNumber":55,"column":44},"position":{"lineNumber":55,"column":44}}],"viewState":{"scrollLeft":0,"firstPosition":{"lineNumber":32,"column":1},"firstPositionDeltaTop":-4},"contributionsState":{"editor.contrib.wordHighlighter":false,"editor.contrib.folding":{"collapsedRegions":null,"lineCount":59,"provider":"indent"}}},"main-code_file:///d%3A/work/%E5%B0%8F%E7%A8%8B%E5%BA%8Fdemo/minApp/miniApp/blank/pages/shopAddres/shopAddres.acss":{"cursorState":[{"inSelectionMode":false,"selectionStart":{"lineNumber":88,"column":1},"position":{"lineNumber":88,"column":1}}],"viewState":{"scrollLeft":0,"firstPosition":{"lineNumber":61,"column":1},"firstPositionDeltaTop":-11},"contributionsState":{"editor.contrib.wordHighlighter":false,"editor.contrib.folding":{"collapsedRegions":null,"lineCount":102,"provider":"indent"}}},"main-code_file:///d%3A/work/%E5%B0%8F%E7%A8%8B%E5%BA%8Fdemo/minApp/miniApp/blank/pages/shopAddres/shopAddres.json":{"cursorState":[{"inSelectionMode":false,"selectionStart":{"lineNumber":1,"column":1},"position":{"lineNumber":1,"column":1}}],"viewState":{"scrollLeft":0,"firstPosition":{"lineNumber":1,"column":1},"firstPositionDeltaTop":34},"contributionsState":{"editor.contrib.wordHighlighter":false,"editor.contrib.folding":{"collapsedRegions":null,"lineCount":1,"provider":"indent"}}},"main-code_file:///d%3A/work/%E5%B0%8F%E7%A8%8B%E5%BA%8Fdemo/minApp/miniApp/blank/pages/invite/invite.js":{"cursorState":[{"inSelectionMode":false,"selectionStart":{"lineNumber":1,"column":1},"position":{"lineNumber":1,"column":1}}],"viewState":{"scrollLeft":0,"firstPosition":{"lineNumber":1,"column":1},"firstPositionDeltaTop":0},"contributionsState":{"editor.contrib.wordHighlighter":false,"editor.contrib.folding":{"collapsedRegions":null,"lineCount":5,"provider":"indent"}}},"main-code_file:///d%3A/work/%E5%B0%8F%E7%A8%8B%E5%BA%8Fdemo/minApp/miniApp/blank/pages/may/may.json":{"cursorState":[{"inSelectionMode":false,"selectionStart":{"lineNumber":1,"column":1},"position":{"lineNumber":1,"column":1}}],"viewState":{"scrollLeft":0,"firstPosition":{"lineNumber":1,"column":1},"firstPositionDeltaTop":0},"contributionsState":{"editor.contrib.wordHighlighter":false,"editor.contrib.folding":{"collapsedRegions":null,"lineCount":1,"provider":"indent"}}},"main-code_file:///d%3A/work/%E5%B0%8F%E7%A8%8B%E5%BA%8Fdemo/minApp/miniApp/blank/pages/invite/invite.axml":{"cursorState":[{"inSelectionMode":true,"selectionStart":{"lineNumber":1,"column":14},"position":{"lineNumber":1,"column":20}}],"viewState":{"scrollLeft":0,"firstPosition":{"lineNumber":1,"column":1},"firstPositionDeltaTop":0},"contributionsState":{"editor.contrib.wordHighlighter":true,"editor.contrib.folding":{"collapsedRegions":null,"lineCount":18,"provider":"indent"}}},"main-code_file:///d%3A/work/%E5%B0%8F%E7%A8%8B%E5%BA%8Fdemo/minApp/miniApp/blank/pages/invite/invite.acss":{"cursorState":[{"inSelectionMode":true,"selectionStart":{"lineNumber":34,"column":2},"position":{"lineNumber":34,"column":8}}],"viewState":{"scrollLeft":0,"firstPosition":{"lineNumber":1,"column":1},"firstPositionDeltaTop":0},"contributionsState":{"editor.contrib.wordHighlighter":false,"editor.contrib.folding":{"collapsedRegions":null,"lineCount":36,"provider":"indent"}}},"main-code_file:///d%3A/work/%E5%B0%8F%E7%A8%8B%E5%BA%8Fdemo/minApp/miniApp/blank/pages/orderdetails2/orderdetails2.js":{"cursorState":[{"inSelectionMode":false,"selectionStart":{"lineNumber":7,"column":9},"position":{"lineNumber":7,"column":9}}],"viewState":{"scrollLeft":0,"firstPosition":{"lineNumber":1,"column":1},"firstPositionDeltaTop":0},"contributionsState":{"editor.contrib.wordHighlighter":false,"editor.contrib.folding":{"collapsedRegions":null,"lineCount":26,"provider":"indent"}}},"main-code_file:///d%3A/work/%E5%B0%8F%E7%A8%8B%E5%BA%8Fdemo/minApp/miniApp/blank/pages/orderdetails2/orderdetails2.axml":{"cursorState":[{"inSelectionMode":false,"selectionStart":{"lineNumber":110,"column":60},"position":{"lineNumber":110,"column":60}}],"viewState":{"scrollLeft":0,"firstPosition":{"lineNumber":86,"column":1},"firstPositionDeltaTop":-6},"contributionsState":{"editor.contrib.wordHighlighter":false,"editor.contrib.folding":{"collapsedRegions":null,"lineCount":123,"provider":"indent"}}},"main-code_file:///d%3A/work/%E5%B0%8F%E7%A8%8B%E5%BA%8Fdemo/minApp/miniApp/blank/pages/orderdetails2/orderdetails2.acss":{"cursorState":[{"inSelectionMode":false,"selectionStart":{"lineNumber":162,"column":22},"position":{"lineNumber":162,"column":22}}],"viewState":{"scrollLeft":0,"firstPosition":{"lineNumber":144,"column":1},"firstPositionDeltaTop":-15},"contributionsState":{"editor.contrib.wordHighlighter":false,"editor.contrib.folding":{"collapsedRegions":null,"lineCount":182,"provider":"indent"}}},"main-code_file:///d%3A/work/%E5%B0%8F%E7%A8%8B%E5%BA%8Fdemo/minApp/miniApp/blank/pages/delother/delother.js":{"cursorState":[{"inSelectionMode":false,"selectionStart":{"lineNumber":8,"column":10},"position":{"lineNumber":8,"column":10}}],"viewState":{"scrollLeft":0,"firstPosition":{"lineNumber":1,"column":1},"firstPositionDeltaTop":0},"contributionsState":{"editor.contrib.wordHighlighter":false,"editor.contrib.folding":{"collapsedRegions":null,"lineCount":36,"provider":"indent"}}},"main-code_file:///d%3A/work/%E5%B0%8F%E7%A8%8B%E5%BA%8Fdemo/minApp/miniApp/blank/pages/delother/delother.axml":{"cursorState":[{"inSelectionMode":false,"selectionStart":{"lineNumber":22,"column":59},"position":{"lineNumber":22,"column":59}}],"viewState":{"scrollLeft":0,"firstPosition":{"lineNumber":1,"column":1},"firstPositionDeltaTop":0},"contributionsState":{"editor.contrib.wordHighlighter":false,"editor.contrib.folding":{"collapsedRegions":null,"lineCount":23,"provider":"indent"}}},"main-code_file:///d%3A/work/%E5%B0%8F%E7%A8%8B%E5%BA%8Fdemo/minApp/miniApp/blank/pages/delother/delother.acss":{"cursorState":[{"inSelectionMode":false,"selectionStart":{"lineNumber":48,"column":1},"position":{"lineNumber":48,"column":1}}],"viewState":{"scrollLeft":0,"firstPosition":{"lineNumber":19,"column":1},"firstPositionDeltaTop":-12},"contributionsState":{"editor.contrib.wordHighlighter":false,"editor.contrib.folding":{"collapsedRegions":null,"lineCount":56,"provider":"indent"}}},"main-code_file:///d%3A/work/%E5%B0%8F%E7%A8%8B%E5%BA%8Fdemo/minApp/miniApp/blank/pages/createOther/createOther.js":{"cursorState":[{"inSelectionMode":true,"selectionStart":{"lineNumber":9,"column":3},"position":{"lineNumber":9,"column":10}}],"viewState":{"scrollLeft":0,"firstPosition":{"lineNumber":1,"column":1},"firstPositionDeltaTop":0},"contributionsState":{"editor.contrib.wordHighlighter":false,"editor.contrib.folding":{"collapsedRegions":null,"lineCount":15,"provider":"indent"}}},"main-code_file:///d%3A/work/%E5%B0%8F%E7%A8%8B%E5%BA%8Fdemo/minApp/miniApp/blank/pages/createOther/createOther.axml":{"cursorState":[{"inSelectionMode":false,"selectionStart":{"lineNumber":46,"column":12},"position":{"lineNumber":46,"column":12}}],"viewState":{"scrollLeft":0,"firstPosition":{"lineNumber":34,"column":1},"firstPositionDeltaTop":-1},"contributionsState":{"editor.contrib.wordHighlighter":false,"editor.contrib.folding":{"collapsedRegions":null,"lineCount":58,"provider":"indent"}}},"main-code_file:///d%3A/work/%E5%B0%8F%E7%A8%8B%E5%BA%8Fdemo/minApp/miniApp/blank/pages/createOther/createOther.acss":{"cursorState":[{"inSelectionMode":false,"selectionStart":{"lineNumber":45,"column":27},"position":{"lineNumber":45,"column":27}}],"viewState":{"scrollLeft":0,"firstPosition":{"lineNumber":31,"column":1},"firstPositionDeltaTop":-1},"contributionsState":{"editor.contrib.wordHighlighter":false,"editor.contrib.folding":{"collapsedRegions":null,"lineCount":57,"provider":"indent"}}},"main-code_file:///d%3A/work/%E5%B0%8F%E7%A8%8B%E5%BA%8Fdemo/minApp/miniApp/blank/pages/logistics/logistics.js":{"cursorState":[{"inSelectionMode":false,"selectionStart":{"lineNumber":7,"column":1},"position":{"lineNumber":7,"column":1}}],"viewState":{"scrollLeft":0,"firstPosition":{"lineNumber":1,"column":1},"firstPositionDeltaTop":0},"contributionsState":{"editor.contrib.wordHighlighter":false,"editor.contrib.folding":{"collapsedRegions":null,"lineCount":7,"provider":"indent"}}},"main-code_file:///d%3A/work/%E5%B0%8F%E7%A8%8B%E5%BA%8Fdemo/minApp/miniApp/blank/pages/logistics/logistics.axml":{"cursorState":[{"inSelectionMode":false,"selectionStart":{"lineNumber":15,"column":1},"position":{"lineNumber":15,"column":1}}],"viewState":{"scrollLeft":0,"firstPosition":{"lineNumber":1,"column":1},"firstPositionDeltaTop":34},"contributionsState":{"editor.contrib.wordHighlighter":false,"editor.contrib.folding":{"collapsedRegions":null,"lineCount":174,"provider":"indent"}}},"main-code_file:///d%3A/work/%E5%B0%8F%E7%A8%8B%E5%BA%8Fdemo/minApp/miniApp/blank/pages/logistics/logistics.acss":{"cursorState":[{"inSelectionMode":false,"selectionStart":{"lineNumber":116,"column":13},"position":{"lineNumber":116,"column":13}}],"viewState":{"scrollLeft":0,"firstPosition":{"lineNumber":95,"column":1},"firstPositionDeltaTop":-6},"contributionsState":{"editor.contrib.wordHighlighter":false,"editor.contrib.folding":{"collapsedRegions":null,"lineCount":241,"provider":"indent"}}},"main-code_file:///d%3A/work/%E5%B0%8F%E7%A8%8B%E5%BA%8Fdemo/minApp/miniApp/blank/pages/orderdetails2/orderdetails2.json":{"cursorState":[{"inSelectionMode":false,"selectionStart":{"lineNumber":1,"column":1},"position":{"lineNumber":1,"column":1}}],"viewState":{"scrollLeft":0,"firstPosition":{"lineNumber":1,"column":1},"firstPositionDeltaTop":34},"contributionsState":{"editor.contrib.wordHighlighter":false,"editor.contrib.folding":{"collapsedRegions":null,"lineCount":1,"provider":"indent"}}},"storageVersion":"0.70.14"}